speaker,label,vowel,NC,voicing,nas_prop
S03,b__U_nt_@___N_B17/s,u,nt,voiceless,0.3668820209344802
S03,b__a_nd_@___N_B19/s,a,nd,voiced,0.19548583062909516
S03,b__a_nt_@___N_B15/s,a,nt,voiceless,0.27864845507887825
S03,f__I_nt_@___N_B05/s,i,nt,voiceless,0.764225941422593
S03,l__I_nd_@___N_B06/s,i,nd,voiced,0.005294905311453799
S03,p__E_nt_____N_B09/s,e,nt,voiceless,0.3347331282575556
S03,r__a_nt_@___N_B06/s,a,nt,voiceless,0.24317596038132064
S03,v__I_nd_@___N_B07/s,i,nd,voiced,0.02475716490709159
S03,v__I_nt_6___N_B15/s,i,nt,voiceless,0.13500809443656253
S03,z__E_nd_@___N_B17/s,e,nd,voiced,0.5378521502736267
S03,z__E_nt_a___N_B05/s,e,nt,voiceless,0.5259299992876842
S03,z__O_nd_@___N_B15/s,o,nd,voiced,0.11470785219413909
S03,z__O_nt_@___N_B09/s,o,nt,voiceless,0.7594986077181398
S04,b__U_nd_@___N_B09/s,u,nd,voiced,0.46953467082640904
S04,b__U_nt_@___N_B10/s,u,nt,voiceless,0.5517449386756659
S04,b__a_nd_@___N_B12/s,a,nd,voiced,0.6741009498470659
S04,b__a_nt_@___N_B11/s,a,nt,voiceless,0.4837425331050438
S04,f__I_nd_@___N_B21/s,i,nd,voiced,0.6716800430135036
S04,l__I_nd_@___N_B19/s,i,nd,voiced,0.5728288028839548
S04,p__E_nt_____N_B09/s,e,nt,voiceless,0.5894511199032011
S04,p__a_nd_a___N_B10/s,a,nd,voiced,0.4504826816022718
S04,p__a_nt_6___N_B21/s,a,nt,voiceless,0.5798512704260109
S04,r__E_nd_6___N_B10/s,e,nd,voiced,0.8836364084064037
S04,r__E_nt_@___N_B23/s,e,nt,voiceless,0.5414818213332833
S04,r__I_nt_____N_B09/s,i,nt,voiceless,0.45245175391904374
S04,r__a_nt_@___N_B21/s,a,nt,voiceless,0.4144097439677042
S04,v__I_nd_@___N_B22/s,i,nd,voiced,0.746642060270261
S04,v__a_nt_@___N_B24/s,a,nt,voiceless,0.7433892312887008
S04,z__E_nd_@___N_B19/s,e,nd,voiced,0.5012678966227013
S04,z__E_nt_a___N_B22/s,e,nt,voiceless,0.35486200832782827
S04,z__O_nd_@___N_B08/s,o,nd,voiced,0.5103247467536831
S04,z__O_nt_@___N_B24/s,o,nt,voiceless,0.9365496094941212
S04,z__a_nd_@___N_B21/s,a,nd,voiced,0.6211494503772896
S04,z__a_nt_@___N_B19/s,a,nt,voiceless,0.5494196926258783
S05,?__E_nd_@___N_B08/s,e,nd,voiced,0.37138382356801186
S05,?__E_nt_@___N_B07/s,e,nt,voiceless,0.16101613330057593
S05,b__U_nd_@___N_B09/s,u,nd,voiced,0.5335842781196802
S05,b__U_nt_@___N_B10/s,u,nt,voiceless,0.4419359209336454
S05,b__a_nd_@___N_B12/s,a,nd,voiced,0.7215482050007261
S05,b__a_nt_@___N_B11/s,a,nt,voiceless,0.6386783820260862
S05,f__I_nd_@___N_B21/s,i,nd,voiced,0.12063793189654835
S05,p__E_nt_____N_B09/s,e,nt,voiceless,0.21156156956801508
S05,p__a_nd_a___N_B10/s,a,nd,voiced,0.6334232020571532
S05,p__a_nt_6___N_B21/s,a,nt,voiceless,0.32117405531648163
S05,r__E_nd_6___N_B10/s,e,nd,voiced,0.08275104614061507
S05,r__E_nt_@___N_B23/s,e,nt,voiceless,0.8901371388137963
S05,r__a_nt_@___N_B21/s,a,nt,voiceless,0.9914041311336607
S05,v__I_nd_@___N_B22/s,i,nd,voiced,0.3524427850489367
S05,v__I_nt_6___N_B11/s,i,nt,voiceless,0.10264039296317425
S05,v__a_nt_@___N_B24/s,a,nt,voiceless,0.5694184150632611
S05,z__E_nd_@___N_B19/s,e,nd,voiced,0.6270572973922238
S05,z__E_nt_a___N_B22/s,e,nt,voiceless,0.5733299402589652
S05,z__O_nd_@___N_B08/s,o,nd,voiced,0.30829996748343347
S05,z__O_nt_@___N_B24/s,o,nt,voiceless,0.28377027324638016
S05,z__a_nd_@___N_B21/s,a,nd,voiced,0.4740853615993827
S05,z__a_nt_@___N_B19/s,a,nt,voiceless,0.6733258140061454
S06,?__E_nt_@___N_B12/s,e,nt,voiceless,0.15304678796709167
S06,b__U_nd_@___N_B07/s,u,nd,voiced,0.21451968248856926
S06,b__U_nt_@___N_B25/s,u,nt,voiceless,0.36109246307508497
S06,b__a_nt_@___N_B28/s,a,nt,voiceless,0.1434543771322736
S06,b__a_nt_@___N_B29/s,a,nt,voiceless,0.20425628651533487
S06,l__I_nd_@___N_B09/s,i,nd,voiced,0.417700492417573
S06,p__E_nt_____N_B07/s,e,nt,voiceless,0.5144681410366554
S06,p__a_nd_a___N_B25/s,a,nd,voiced,0.28259584831250695
S06,p__a_nt_6___N_B10/s,a,nt,voiceless,0.825773413277339
S06,v__I_nt_6___N_B08/s,i,nt,voiceless,0.4257352228552108
S06,v__a_nt_@___N_B23/s,a,nt,voiceless,0.29628530858357727
S06,z__E_nt_a___N_B19/s,e,nt,voiceless,0.6550911017651377
S06,z__O_nd_@___N_B22/s,o,nd,voiced,0.8227827300291295
S06,z__O_nt_@___N_B23/s,o,nt,voiceless,0.6259976039770654
S06,z__a_nd_@___N_B10/s,a,nd,voiced,0.6557968546705104
S06,z__a_nt_@___N_B09/s,a,nt,voiceless,0.6724894780185942
S07,b__U_nd_@___N_B24/s,u,nd,voiced,0.3312991121938204
S07,b__U_nt_@___N_B23/s,u,nt,voiceless,0.39299217080486987
S07,b__a_nd_@___N_B21/s,a,nd,voiced,0.6805534306664147
S07,b__a_nt_@___N_B22/s,a,nt,voiceless,0.6566125011589199
S07,f__I_nd_@___N_B11/s,i,nd,voiced,0.15531304888741163
S07,f__I_nt_@___N_B24/s,i,nt,voiceless,0.4121807044068267
S07,l__I_nd_@___N_B14/s,i,nd,voiced,0.20644273192256374
S07,p__E_nt_____N_B24/s,e,nt,voiceless,0.31529089130024845
S07,p__a_nd_a___N_B23/s,a,nd,voiced,0.2858568254366282
S07,p__a_nt_6___N_B11/s,a,nt,voiceless,0.5419477190896259
S07,r__E_nd_6___N_B23/s,e,nd,voiced,0.5168138306464354
S07,r__E_nt_@___N_B09/s,e,nt,voiceless,0.2941483270061238
S07,r__I_nt_____N_B24/s,i,nt,voiceless,0.21014736360977598
S07,r__a_nt_@___N_B11/s,a,nt,voiceless,0.4857031625813386
S07,v__I_nd_@ln_N_B23/s,i,nd,voiced,0.3715542841689067
S07,v__I_nt_6___N_B22/s,i,nt,voiceless,0.5080305775614916
S07,v__a_nt_@___N_B08/s,a,nt,voiceless,0.6876606511394703
S07,z__E_nd_@___N_B14/s,e,nd,voiced,0.3068247976824018
S07,z__E_nt_a___N_B10/s,e,nt,voiceless,0.6317998191504269
S07,z__O_nd_@___N_B25/s,o,nd,voiced,0.7622354388681865
S07,z__O_nt_@___N_B08/s,o,nt,voiceless,0.5362566418536735
S07,z__a_nd_@___N_B11/s,a,nd,voiced,0.542702931926673
S07,z__a_nt_@___N_B14/s,a,nt,voiceless,0.6675197590129982
S08,?__E_nd_@___N_B21/s,e,nd,voiced,0.39326055326448095
S08,?__E_nt_@___N_B20/s,e,nt,voiceless,0.716952742827961
S08,b__U_nd_@___N_B22/s,u,nd,voiced,0.5813847469817373
S08,b__U_nd_@___N_B23/s,u,nd,voiced,0.394864186068471
S08,b__a_nd_@___N_B07/s,a,nd,voiced,0.46339149504511407
S08,b__a_nt_@___N_B24/s,a,nt,voiceless,0.5238529858642068
S08,f__I_nd_@___N_B10/s,i,nd,voiced,0.12000877036046957
S08,p__E_nt_____N_B22/s,e,nt,voiceless,0.2276143597498348
S08,p__a_nd_a___N_B23/s,a,nd,voiced,0.24793258464326587
S08,p__a_nt_6___N_B10/s,a,nt,voiceless,0.192329244808874
S08,r__E_nd_6___N_B23/s,e,nd,voiced,0.477198602114022
S08,r__I_nt_____N_B22/s,i,nt,voiceless,0.6351157034955526
S08,r__a_nt_@___N_B10/s,a,nt,voiceless,0.7465940798239714
S08,v__I_nt_6___N_B24/s,i,nt,voiceless,0.24436212548919264
S08,v__a_nt_@___N_B19/s,a,nt,voiceless,0.38559590490210605
S08,z__E_nd_@___N_B08/s,e,nd,voiced,0.7482606257709733
S08,z__E_nt_a___N_B11/s,e,nt,voiceless,0.9220860493014172
S08,z__O_nd_@___N_B21/s,o,nd,voiced,0.512829142575452
S08,z__O_nt_@___N_B19/s,o,nt,voiceless,0.6106820388138456
S08,z__a_nd_@___N_B10/s,a,nd,voiced,0.5134901320100146
S08,z__a_nt_@___N_B08/s,a,nt,voiceless,0.6496810431109685
S09,?__E_nd_@___N_B12/s,e,nd,voiced,0.10275427913145804
S09,b__U_nd_@___N_B21/s,u,nd,voiced,0.42392039251466995
S09,b__U_nt_@___N_B23/s,u,nt,voiceless,0.6676067726852994
S09,b__a_nt_@___N_B11/s,a,nt,voiceless,0.7079590585240912
S09,f__I_nt_@___N_B21/s,i,nt,voiceless,0.9467627150425365
S09,p__E_nt_____N_B21/s,e,nt,voiceless,0.32511317039593907
S09,p__a_nt_6___N_B24/s,a,nt,voiceless,0.6297225428370384
S09,r__E_nd_6___N_B23/s,e,nd,voiced,0.1423613456141651
S09,r__E_nd_6___N_B27/s,e,nd,voiced,0.5117247452577018
S09,r__E_nd_6___N_B28/s,e,nd,voiced,0.5782390146038152
S09,r__E_nt_@___N_B10/s,e,nt,voiceless,0.4235537816337507
S09,r__I_nt_____N_B21/s,i,nt,voiceless,0.6105000740281892
S09,r__a_nt_@___N_B24/s,a,nt,voiceless,0.7807108211474547
S09,v__I_nt_6___N_B11/s,i,nt,voiceless,0.8397126783714648
S09,v__a_nt_@___N_B13/s,a,nt,voiceless,0.3462987960795726
S09,z__E_nd_@___N_B09/s,e,nd,voiced,0.6078195398615371
S09,z__E_nt_a___N_B08/s,e,nt,voiceless,0.5226647126273964
S09,z__O_nd_@___N_B12/s,o,nd,voiced,0.1836420293319724
S09,z__O_nd_@___N_B27/s,o,nd,voiced,0.7986938267892315
S09,z__O_nd_@___N_B28/s,o,nd,voiced,0.28721936025614087
S09,z__O_nt_@___N_B13/s,o,nt,voiceless,0.48255056669268476
S09,z__a_nd_@___N_B24/s,a,nd,voiced,0.05447679830126332
S09,z__a_nt_@___N_B09/s,a,nt,voiceless,0.6732001305081077
S10,b__U_nd_@___N_B22/s,u,nd,voiced,0.280582139816315
S10,b__a_nd_@___N_B19/s,a,nd,voiced,0.10505517457551332
S10,b__a_nt_@___N_B20/s,a,nt,voiceless,0.4709212224418675
S10,f__I_nd_@___N_B10/s,i,nd,voiced,0.5285060257435421
S10,l__I_nd_@___N_B12/s,i,nd,voiced,0.19275776145486298
S10,p__E_nt_____N_B22/s,e,nt,voiceless,0.06863937241129764
S10,p__a_nd_a___N_B21/s,a,nd,voiced,0.01562722656973737
S10,p__a_nt_6___N_B10/s,a,nt,voiceless,0.4833283350032667
S10,r__E_nd_6___N_B21/s,e,nd,voiced,0.8596901465736688
S10,r__a_nt_@___N_B10/s,a,nt,voiceless,0.37824629779213337
S10,v__I_nd_@___N_B09/s,i,nd,voiced,0.13883886984610733
S10,v__I_nt_6___N_B20/s,i,nt,voiceless,0.1891974519157166
S10,v__a_nt_@___N_B07/s,a,nt,voiceless,0.28857091034198185
S10,z__E_nd_@___N_B12/s,e,nd,voiced,0.19983833984140875
S10,z__E_nt_a___N_B09/s,e,nt,voiceless,0.5767117780009285
S10,z__O_nd_@___N_B23/s,o,nd,voiced,0.08905987209128559
S10,z__O_nt_@___N_B07/s,o,nt,voiceless,0.3085952623161582
S10,z__a_nd_@___N_B10/s,a,nd,voiced,0.20482272659259104
S10,z__a_nt_@___N_B12/s,a,nt,voiceless,0.4929687757193336
S11,b__U_nd_@___N_B09/s,u,nd,voiced,0.28350395554626595
S11,b__U_nt_@___N_B10/s,u,nt,voiceless,0.18215790891267622
S11,b__a_nd_@___N_B13/s,a,nd,voiced,0.27824090497609993
S11,b__a_nd_@___N_B14/s,a,nd,voiced,0.5290546147219864
S11,b__a_nt_@___N_B11/s,a,nt,voiceless,0.19452801495564423
S11,f__I_nd_@___N_B26/s,i,nd,voiced,0.855953505197477
S11,f__I_nt_@___N_B09/s,i,nt,voiceless,0.20647031080706774
S11,p__E_nt_____N_B09/s,e,nt,voiceless,0.058646001354796015
S11,p__a_nd_a___N_B10/s,a,nd,voiced,0.5639443486852138
S11,p__a_nt_6___N_B26/s,a,nt,voiceless,0.5524468488178829
S11,v__a_nt_@___N_B29/s,a,nt,voiceless,0.6982189753514002
S11,z__E_nd_@___N_B24/s,e,nd,voiced,0.93477389881222706
S11,z__O_nd_@___N_B08/s,o,nd,voiced,0.4425041073927575
S11,z__a_nd_@___N_B26/s,a,nd,voiced,0.8654817925678201
S12,b__U_nd_@___N_B20/s,u,nd,voiced,0.24116806131659616
S12,b__U_nt_@___N_B22/s,u,nt,voiceless,0.4838891789275199
S12,b__a_nd_@___N_B24/s,a,nd,voiced,0.14937365006936865
S12,b__a_nt_@___N_B10/s,a,nt,voiceless,0.3958147235226485
S12,f__I_nd_@___N_B23/s,i,nd,voiced,0.5702457095210195
S12,f__I_nt_@___N_B20/s,i,nt,voiceless,0.09610458085795132
S12,p__E_nt_____N_B20/s,e,nt,voiceless,0.601334865731509
S12,p__a_nd_a___N_B22/s,a,nd,voiced,0.5954550627046088
S12,p__a_nt_6___N_B23/s,a,nt,voiceless,0.21840150194891417
S12,v__I_nt_6___N_B10/s,i,nt,voiceless,0.23812630325298526
S12,v__a_nt_@___N_B12/s,a,nt,voiceless,0.42312406729304625
S12,z__E_nd_@___N_B08/s,e,nd,voiced,0.6728746428153278
S12,z__E_nt_a___N_B07/s,e,nt,voiceless,0.7177688729006859
S12,z__O_nd_@___N_B11/s,o,nd,voiced,0.8197697631966548
S12,z__O_nt_@___N_B12/s,o,nt,voiceless,0.5578278259115174
S12,z__a_nd_@___N_B23/s,a,nd,voiced,0.47025533464126207
S12,z__a_nt_@___N_B08/s,a,nt,voiceless,0.8294018566986918
S13,?__E_nt_@___N_B14/s,e,nt,voiceless,0.46217389439287426
S13,b__U_nd_@___N_B09/s,u,nd,voiced,0.8054912561959076
S13,b__U_nt_@___N_B26/s,u,nt,voiceless,0.42891278756918805
S13,b__a_nd_@___N_B25/s,a,nd,voiced,0.3412836119987473
S13,b__a_nt_@___N_B10/s,a,nt,voiceless,0.569976066979164
S13,f__I_nd_@___N_B12/s,i,nd,voiced,0.4530993058479729
S13,f__I_nt_@___N_B09/s,i,nt,voiceless,0.7854823518242472
S13,l__I_nd_@___N_B11/s,i,nd,voiced,0.5365305443405679
S13,p__E_nt_____N_B09/s,e,nt,voiceless,0.2668639311358174
S13,p__a_nd_a___N_B26/s,a,nd,voiced,0.4785203924319801
S13,p__a_nt_6___N_B12/s,a,nt,voiceless,0.465476548104035
S13,r__E_nd_6___N_B26/s,e,nd,voiced,0.4277195597933979
S13,r__E_nt_@___N_B13/s,e,nt,voiceless,0.9234775013620017
S13,r__I_nt_____N_B09/s,i,nt,voiceless,0.5441591638198272
S13,r__a_nt_@___N_B12/s,a,nt,voiceless,0.6468167859615055
S13,v__I_nd_@___N_B21/s,i,nd,voiced,0.6818821266631211
S13,v__I_nt_6___N_B10/s,i,nt,voiceless,0.6738017790966699
S13,v__a_nt_@___N_B24/s,a,nt,voiceless,0.23578060261313968
S13,z__E_nd_@___N_B11/s,e,nd,voiced,0.2827349598956185
S13,z__E_nt_a___N_B21/s,e,nt,voiceless,0.6042733373163415
S13,z__O_nd_@___N_B23/s,o,nd,voiced,0.4721224129226602
S13,z__O_nt_@___N_B24/s,o,nt,voiceless,0.6079113254565354
S13,z__a_nd_@___N_B12/s,a,nd,voiced,0.6968843734890532
S13,z__a_nt_@___N_B11/s,a,nt,voiceless,0.58165157488829
S14,b__U_nt_@___N_B23/s,u,nt,voiceless,0.16142983314623652
S14,b__a_nd_@___N_B07/s,a,nd,voiced,0.23882366479063477
S14,b__a_nt_@___N_B24/s,a,nt,voiceless,0.6777237561144619
S14,f__I_nt_@___N_B22/s,i,nt,voiceless,0.10030969665631616
S14,p__E_nt_____N_B22/s,e,nt,voiceless,0.04024847916085908
S14,p__a_nd_a___N_B23/s,a,nd,voiced,0.08740229596348832
S14,p__a_nt_6___N_B10/s,a,nt,voiceless,0.3037401535360494
S14,r__E_nd_6___N_B23/s,e,nd,voiced,0.4481769882845881
S14,r__E_nt_@___N_B12/s,e,nt,voiceless,0.4113401250717438
S14,r__I_nt_____N_B22/s,i,nt,voiceless,0.6333233230863099
S14,r__a_nt_@___N_B10/s,a,nt,voiceless,0.33089021163764837
S14,v__I_nd_@___N_B11/s,i,nd,voiced,0.17709429332288848
S14,v__I_nt_6___N_B24/s,i,nt,voiceless,0.9954468663748348
S14,v__a_nt_@___N_B19/s,a,nt,voiceless,0.3496825046296939
S14,z__E_nd_@___N_B08/s,e,nd,voiced,0.38348707064930737
S14,z__E_nt_a___N_B11/s,e,nt,voiceless,0.3340552471809928
S14,z__O_nt_@___N_B19/s,o,nt,voiceless,0.1673453599254913
S14,z__a_nd_@___N_B10/s,a,nd,voiced,0.21070120938837236
S14,z__a_nt_@___N_B08/s,a,nt,voiceless,0.36557138949458945
S15,b__U_nd_@___N_B11/s,u,nd,voiced,0.4629185025217628
S15,b__U_nt_@___N_B12/s,u,nt,voiceless,0.16987399313467627
S15,b__a_nd_@___N_B14/s,a,nd,voiced,0.24567398050524195
S15,b__a_nt_@___N_B13/s,a,nt,voiceless,0.5883738952450087
S15,f__I_nt_@___N_B11/s,i,nt,voiceless,0.14600149046619706
S15,p__E_nt_____N_B11/s,e,nt,voiceless,0.3413368493031653
S15,p__a_nd_a___N_B12/s,a,nd,voiced,0.23936398746803966
S15,p__a_nt_6___N_B23/s,a,nt,voiceless,0.2899790923328854
S15,v__I_nt_6___N_B13/s,i,nt,voiceless,0.010314556435738262
S15,v__a_nt_@___N_B26/s,a,nt,voiceless,0.21485756679429927
S15,z__E_nt_a___N_B24/s,e,nt,voiceless,0.24350441284730967
S15,z__O_nd_@___N_B10/s,o,nd,voiced,0.6925304346329071
S15,z__O_nt_@___N_B26/s,o,nt,voiceless,0.40206110775731424
S15,z__a_nd_@___N_B23/s,a,nd,voiced,0.5762970744416045
S15,z__a_nt_@___N_B21/s,a,nt,voiceless,0.6361535837252447
S16,b__U_nd_@___N_B07/s,u,nd,voiced,0.004868701890766953
S16,b__U_nt_@___N_B24/s,u,nt,voiceless,0.510146393069938
S16,b__a_nd_@___N_B23/s,a,nd,voiced,0.6792910560230024
S16,b__a_nt_@___N_B08/s,a,nt,voiceless,0.7068411450682938
S16,f__I_nd_@___N_B10/s,i,nd,voiced,0.14202462228446958
S16,f__I_nt_@___N_B07/s,i,nt,voiceless,0.36123783751489097
S16,l__I_nd_@___N_B09/s,i,nd,voiced,0.09155552743240698
S16,p__E_nt_____N_B07/s,e,nt,voiceless,0.28010026887866246
S16,p__a_nd_a___N_B24/s,a,nd,voiced,0.46586483886453056
S16,p__a_nt_6___N_B10/s,a,nt,voiceless,0.40970525522843876
S16,r__E_nt_@___N_B11/s,e,nt,voiceless,0.4483369373594005
S16,r__a_nt_@___N_B10/s,a,nt,voiceless,0.495947495854556
S16,v__I_nd_@___N_B19/s,i,nd,voiced,0.24335002168424072
S16,v__I_nt_6___N_B08/s,i,nt,voiceless,0.6046401140599834
S16,v__a_nt_@___N_B22/s,a,nt,voiceless,0.501171106480971
S16,z__E_nd_@___N_B09/s,e,nd,voiced,0.12789233425932894
S16,z__E_nt_a___N_B19/s,e,nt,voiceless,0.4924264145780872
S16,z__O_nd_@___N_B21/s,o,nd,voiced,0.24973230660715423
S16,z__O_nt_@___N_B22/s,o,nt,voiceless,0.5600738553520908
S16,z__a_nd_@___N_B10/s,a,nd,voiced,0.5898069187990292
S16,z__a_nt_@___N_B09/s,a,nt,voiceless,0.8121485976566962
S17,?__E_nd_@___N_B13/s,e,nd,voiced,0.1688932319304542
S17,?__E_nt_@___N_B21/s,e,nt,voiceless,0.5808797687280541
S17,b__U_nd_@___N_B22/s,u,nd,voiced,0.3486864417614684
S17,b__U_nt_@___N_B24/s,u,nt,voiceless,0.3038645847206368
S17,b__a_nd_@___N_B26/s,a,nd,voiced,0.24365735065255242
S17,b__a_nt_@___N_B12/s,a,nt,voiceless,0.34595142561768
S17,f__I_nt_@___N_B22/s,i,nt,voiceless,0.10662765015710482
S17,l__I_nd_@___N_B10/s,i,nd,voiced,0.27385465398274184
S17,p__E_nt_____N_B22/s,e,nt,voiceless,0.39112045378746996
S17,p__a_nd_a___N_B24/s,a,nd,voiced,0.3648904650384598
S17,p__a_nt_6___N_B25/s,a,nt,voiceless,0.4088715233979959
S17,r__E_nd_6___N_B24/s,e,nd,voiced,0.3943126322000988
S17,r__E_nt_@___N_B11/s,e,nt,voiceless,0.7546468207706004
S17,r__I_nt_____N_B22/s,i,nt,voiceless,0.3573085001851689
S17,r__a_nt_@___N_B25/s,a,nt,voiceless,0.42445844705136976
S17,v__I_nd_@___N_B09/s,i,nd,voiced,0.6699243087192033
S17,v__I_nt_6___N_B12/s,i,nt,voiceless,0.786363440707587
S17,v__a_nt_@___N_B14/s,a,nt,voiceless,0.675977184412439
S17,z__E_nd_@___N_B10/s,e,nd,voiced,0.3807313565446162
S17,z__E_nt_a___N_B09/s,e,nt,voiceless,0.6871600083875119
S17,z__O_nd_@___N_B13/s,o,nd,voiced,0.5109183887518701
S17,z__a_nd_@___N_B25/s,a,nd,voiced,0.429328911075719
S17,z__a_nt_@___N_B10/s,a,nt,voiceless,0.9981613511993872
S18,b__U_nd_@___N_B23/s,u,nd,voiced,0.16036820309143712
S18,b__U_nt_@___N_B22/s,u,nt,voiceless,0.31997171701657773
S18,b__a_nd_@___N_B20/s,a,nd,voiced,0.44662595976864633
S18,b__a_nt_@___N_B21/s,a,nt,voiceless,0.3170025642276495
S18,f__I_nt_@___N_B23/s,i,nt,voiceless,0.5874328008666663
S18,l__I_nd_@___N_B12/s,i,nd,voiced,0.3659121435499884
S18,p__E_nt_____N_B23/s,e,nt,voiceless,0.05845850974895313
S18,p__a_nd_a___N_B22/s,a,nd,voiced,0.08608466482361371
S18,p__a_nt_6___N_B10/s,a,nt,voiceless,0.45484385104898084
S18,r__E_nt_@___N_B08/s,e,nt,voiceless,0.12509569946442556
S18,r__a_nt_@___N_B10/s,a,nt,voiceless,0.1022111764721871
S18,v__I_nd_@___N_B09/s,i,nd,voiced,0.30796368260096374
S18,v__I_nt_6___N_B21/s,i,nt,voiceless,0.29979852387068046
S18,v__a_nt_@___N_B07/s,a,nt,voiceless,0.4092550604060149
S18,z__E_nd_@___N_B12/s,e,nd,voiced,0.732132356349955
S18,z__E_nt_a___N_B09/s,e,nt,voiceless,0.6279530085479442
S18,z__O_nd_@___N_B24/s,o,nd,voiced,0.6202620103584073
S18,z__O_nt_@___N_B07/s,o,nt,voiceless,0.7616182367585357
S18,z__a_nd_@___N_B10/s,a,nd,voiced,0.6542066816534605
S18,z__a_nt_@___N_B12/s,a,nt,voiceless,0.6451403123568525
S19,?__E_nd_@___N_B22/s,e,nd,voiced,0.2954916085586261
S19,?__E_nt_@___N_B13/s,e,nt,voiceless,0.26783094414800945
S19,b__U_nd_@___N_B08/s,u,nd,voiced,0.13056615524970155
S19,b__U_nt_@___N_B25/s,u,nt,voiceless,0.16440743805142088
S19,b__a_nd_@___N_B24/s,a,nd,voiced,0.2575669045284559
S19,b__a_nt_@___N_B09/s,a,nt,voiceless,0.43357282585663737
S19,f__I_nd_@___N_B11/s,i,nd,voiced,0.077583071682683
S19,f__I_nt_@___N_B07/s,i,nt,voiceless,0.4772057917199306
S19,f__I_nt_@___N_B08/s,i,nt,voiceless,0.5306996834414403
S19,l__I_nd_@___N_B10/s,i,nd,voiced,0.37718061646446954
S19,p__E_nt_____N_B07/s,e,nt,voiceless,0.2738817927956177
S19,p__E_nt_____N_B08/s,e,nt,voiceless,0.24146688157205143
S19,p__a_nd_a___N_B25/s,a,nd,voiced,0.11813556595002571
S19,p__a_nt_6___N_B11/s,a,nt,voiceless,0.2294984819965777
S19,r__E_nd_6___N_B25/s,e,nd,voiced,0.10124716602263575
S19,r__E_nt_@___N_B12/s,e,nt,voiceless,0.2450781062599073
S19,r__I_nt_____N_B07/s,i,nt,voiceless,0.3192946155076273
S19,r__I_nt_____N_B08/s,i,nt,voiceless,0.6291689907464777
S19,v__I_nd_@___N_B20/s,i,nd,voiced,0.09467011835267142
S19,v__I_nt_6___N_B09/s,i,nt,voiceless,0.5125897825016094
S19,v__a_nt_@___N_B23/s,a,nt,voiceless,0.3814071369990326
S19,z__E_nd_@___N_B10/s,e,nd,voiced,0.228910034020525
S19,z__E_nt_a___N_B20/s,e,nt,voiceless,0.3007979524336751
S19,z__O_nd_@___N_B22/s,o,nd,voiced,0.05647889554786918
S19,z__O_nt_@___N_B23/s,o,nt,voiceless,0.2999675667866417
S19,z__a_nd_@___N_B11/s,a,nd,voiced,0.12334553795231391
S19,z__a_nt_@___N_B10/s,a,nt,voiceless,0.5543515802555262
S20,b__U_nd_@___N_B23/s,u,nd,voiced,0.056907379472367174
S20,b__U_nt_@___N_B22/s,u,nt,voiceless,0.1474857303347423
S20,b__a_nd_@___N_B20/s,a,nd,voiced,0.2355510467733856
S20,b__a_nt_@___N_B21/s,a,nt,voiceless,0.3493169687872037
S20,f__I_nt_@___N_B23/s,i,nt,voiceless,0.18073256443876345
S20,l__I_nd_@___N_B12/s,i,nd,voiced,0.11291078874096662
S20,p__E_nt_____N_B23/s,e,nt,voiceless,0.2991537748733739
S20,p__a_nd_a___N_B22/s,a,nd,voiced,0.34765724199957104
S20,p__a_nt_6___N_B10/s,a,nt,voiceless,0.4928143592544489
S20,r__E_nd_6___N_B22/s,e,nd,voiced,0.8189831257241146
S20,r__E_nt_@___N_B08/s,e,nt,voiceless,0.3304324568213077
S20,r__I_nt_____N_B23/s,i,nt,voiceless,0.35314362958042095
S20,r__a_nt_@___N_B10/s,a,nt,voiceless,0.7452369869934791
S20,v__I_nt_6___N_B21/s,i,nt,voiceless,0.11656962266803056
S20,v__a_nt_@___N_B07/s,a,nt,voiceless,0.47873972645073043
S20,z__E_nd_@___N_B12/s,e,nd,voiced,0.18765135092510693
S20,z__E_nt_a___N_B09/s,e,nt,voiceless,0.5913851899145988
S20,z__O_nd_@___N_B24/s,o,nd,voiced,0.30509773425102227
S20,z__O_nt_@___N_B07/s,o,nt,voiceless,0.24099036767583215
S20,z__a_nd_@___N_B10/s,a,nd,voiced,0.47732901039480014
S20,z__a_nt_@___N_B12/s,a,nt,voiceless,0.7463794457816346
S21,b__U_nd_@___N_B22/s,u,nd,voiced,0.49078549687139256
S21,b__U_nt_@___N_B23/s,u,nt,voiceless,0.4814907722027419
S21,b__a_nd_@___N_B07/s,a,nd,voiced,0.36845457086819744
S21,b__a_nt_@___N_B24/s,a,nt,voiceless,0.49846315200541574
S21,f__I_nd_@___N_B10/s,i,nd,voiced,0.83411905971992
S21,f__I_nt_@___N_B22/s,i,nt,voiceless,0.8261612741127923
S21,l__I_nd_@___N_B08/s,i,nd,voiced,0.13576063547102407
S21,p__E_nt_____N_B22/s,e,nt,voiceless,0.43868984938093847
S21,p__a_nd_a___N_B23/s,a,nd,voiced,0.14658566228551012
S21,p__a_nt_6___N_B10/s,a,nt,voiceless,0.44520986235315013
S21,r__E_nd_6___N_B23/s,e,nd,voiced,0.8166300055002712
S21,r__E_nt_@___N_B12/s,e,nt,voiceless,0.7110224226540143
S21,r__I_nt_____N_B22/s,i,nt,voiceless,0.837090454576312
S21,r__a_nt_@___N_B10/s,a,nt,voiceless,0.3863792218207003
S21,v__I_nd_@___N_B11/s,i,nd,voiced,0.8065595690746828
S21,v__I_nt_6___N_B24/s,i,nt,voiceless,0.9276539204579787
S21,v__a_nt_@___N_B19/s,a,nt,voiceless,0.39069645851206675
S21,z__E_nd_@___N_B08/s,e,nd,voiced,0.9375140930279473
S21,z__E_nt_a___N_B11/s,e,nt,voiceless,0.8317165623783411
S21,z__O_nd_@___N_B21/s,o,nd,voiced,0.4149571353352797
S21,z__O_nt_@___N_B19/s,o,nt,voiceless,0.8876087317894064
S21,z__a_nd_@___N_B10/s,a,nd,voiced,0.882950359064494
S21,z__a_nt_@___N_B29/s,a,nt,voiceless,0.9474692668246144
S22,b__U_nd_@___N_B09/s,u,nd,voiced,0.4507501843148043
S22,b__U_nt_@___N_B10/s,u,nt,voiceless,0.365720483952898
S22,b__a_nd_@___N_B12/s,a,nd,voiced,0.09575079102809589
S22,b__a_nt_@___N_B11/s,a,nt,voiceless,0.6445856837254155
S22,f__I_nt_@___N_B09/s,i,nt,voiceless,0.2806292906193366
S22,p__E_nt_____N_B09/s,e,nt,voiceless,0.2865883702943009
S22,p__a_nd_a___N_B10/s,a,nd,voiced,0.06675717747166654
S22,p__a_nt_6___N_B21/s,a,nt,voiceless,0.24971881603644178
S22,v__I_nd_@___N_B22/s,i,nd,voiced,0.16195163395181852
S22,v__I_nt_6___N_B11/s,i,nt,voiceless,0.4032476373933875
S22,v__a_nt_@___N_B24/s,a,nt,voiceless,0.40181077814446603
S22,z__E_nt_a___N_B22/s,e,nt,voiceless,0.3344192860481966
S22,z__O_nd_@___N_B08/s,o,nd,voiced,0.8094142617776215
S22,z__O_nt_@___N_B24/s,o,nt,voiceless,0.8597553989259641
S22,z__a_nd_@___N_B21/s,a,nd,voiced,0.20113626738624651
S22,z__a_nt_@___N_B19/s,a,nt,voiceless,0.676339802533273
S23,b__U_nd_@___N_B22/s,u,nd,voiced,0.35253923594947595
S23,b__U_nt_@___N_B24/s,u,nt,voiceless,0.09961204509298363
S23,b__a_nd_@___N_B26/s,a,nd,voiced,0.25152749106470124
S23,b__a_nt_@___N_B10/s,a,nt,voiceless,0.3546965594166008
S23,f__I_nt_@___N_B22/s,i,nt,voiceless,0.1488161443055165
S23,l__I_nd_@___N_B08/s,i,nd,voiced,0.03078814407482054
S23,p__E_nt_____N_B22/s,e,nt,voiceless,0.1282656280761781
S23,p__a_nd_a___N_B24/s,a,nd,voiced,0.3227701024537779
S23,r__E_nd_6___N_B24/s,e,nd,voiced,0.6076642153756899
S23,r__I_nt_____N_B22/s,i,nt,voiceless,0.00851669183660981
S23,r__a_nt_@___N_B25/s,a,nt,voiceless,0.35108390478662155
S23,v__I_nd_@___N_B07/s,i,nd,voiced,0.11163437911474886
S23,v__I_nt_6___N_B10/s,i,nt,voiceless,0.2747267685582419
S23,v__a_nt_@___N_B13_(FiAk)/s,a,nt,voiceless,0.33284870831992436
S23,z__E_nd_@___N_B08/s,e,nd,voiced,0.4465014386025059
S23,z__E_nt_a___N_B07/s,e,nt,voiceless,0.4260558777586889
S23,z__O_nd_@___N_B11/s,o,nd,voiced,0.45276733038181866
S23,z__O_nd_@___N_B12/s,o,nd,voiced,0.39510899702985636
S23,z__O_nt_@___N_B13_(FiAk)/s,o,nt,voiceless,0.5844659330679095
S23,z__a_nd_@___N_B25/s,a,nd,voiced,0.5611592745324905
S23,z__a_nt_@___N_B08/s,a,nt,voiceless,0.6300116878935197
S24,?__E_nd_@___N_B08/s,e,nd,voiced,0.12489594420765113
S24,?__E_nt_@___N_B07/s,e,nt,voiceless,0.1841445699686009
S24,b__U_nd_@___N_B09/s,u,nd,voiced,0.4841506291809246
S24,b__a_nd_@___N_B12/s,a,nd,voiced,0.1608001048679444
S24,b__a_nt_@___N_B11/s,a,nt,voiceless,0.3171612198686041
S24,f__I_nd_@___N_B22/s,i,nd,voiced,0.6703012531990676
S24,f__I_nt_@___N_B09/s,i,nt,voiceless,0.522880969007007
S24,p__E_nt_____N_B09/s,e,nt,voiceless,0.15403663078506788
S24,p__a_nd_a___N_B10/s,a,nd,voiced,0.37544398667667367
S24,p__a_nt_6___N_B22/s,a,nt,voiceless,0.45547833444424
S24,r__E_nd_6___N_B10/s,e,nd,voiced,0.1616688333546097
S24,r__E_nt_@___N_B24/s,e,nt,voiceless,0.8275601653077095
S24,r__I_nt_____N_B09/s,i,nt,voiceless,0.26429647177391896
S24,v__I_nd_@___N_B23/s,i,nd,voiced,0.5407501013763457
S24,v__I_nt_6___N_B11/s,i,nt,voiceless,0.22438535537014803
S24,v__a_nt_@___N_B26/s,a,nt,voiceless,0.36098448322655846
S24,z__E_nd_@___N_B20/s,e,nd,voiced,0.2998509783821161
S24,z__E_nt_a___N_B23/s,e,nt,voiceless,0.2086806252083532
S24,z__O_nd_@___N_B08/s,o,nd,voiced,0.35457002028749945
S24,z__O_nt_@___N_B26/s,o,nt,voiceless,0.6155816757022164
S24,z__a_nd_@___N_B22/s,a,nd,voiced,0.42096776307408557
S24,z__a_nt_@___N_B20/s,a,nt,voiceless,0.55161924891617
S25,?__E_nd_@___N_B12/s,e,nd,voiced,0.5313081217514692
S25,?__E_nt_@___N_B20/s,e,nt,voiceless,0.3467670442962891
S25,b__U_nd_@___N_B21/s,u,nd,voiced,0.23882267390522766
S25,b__U_nt_@___N_B23/s,u,nt,voiceless,0.30497555726507514
S25,b__a_nd_@___N_B25/s,a,nd,voiced,0.01487234070904548
S25,b__a_nt_@___N_B11/s,a,nt,voiceless,0.30564085693351367
S25,f__I_nt_@___N_B21/s,i,nt,voiceless,0.9989422507441841
S25,l__I_nd_@___N_B08/s,i,nd,voiced,0.7170370992072644
S25,l__I_nd_@___N_B09/s,i,nd,voiced,0.8535632009778752
S25,p__E_nt_____N_B21/s,e,nt,voiceless,0.872379719876678
S25,p__a_nd_a___N_B23/s,a,nd,voiced,0.35313969189231176
S25,p__a_nt_6___N_B24/s,a,nt,voiceless,0.45234645403175283
S25,r__E_nt_@___N_B10/s,e,nt,voiceless,0.7663389550536236
S25,r__I_nt_____N_B21/s,i,nt,voiceless,0.5506844229128663
S25,r__a_nt_@___N_B24/s,a,nt,voiceless,0.6879989670159435
S25,v__I_nt_6___N_B11/s,i,nt,voiceless,0.7249883169548448
S25,v__a_nt_@___N_B13/s,a,nt,voiceless,0.38380678302182486
S25,z__E_nd_@___N_B08/s,e,nd,voiced,0.3707280981422038
S25,z__E_nd_@___N_B09/s,e,nd,voiced,0.5309587901224715
S25,z__E_nt_a___N_B07/s,e,nt,voiceless,0.6346978040685766
S25,z__O_nd_@___N_B12/s,o,nd,voiced,0.362651473189405
S25,z__O_nt_@___N_B13/s,o,nt,voiceless,0.7281445936987031
S25,z__a_nd_@___N_B24/s,a,nd,voiced,0.29805007522711036
S25,z__a_nt_@___N_B08/s,a,nt,voiceless,0.5441191080416045
S25,z__a_nt_@___N_B09/s,a,nt,voiceless,0.4095418658658528
S26,b__U_nd_@___N_B24/s,u,nd,voiced,0.5095321525220288
S26,b__U_nt_@___N_B25/s,u,nt,voiceless,0.7369684565431535
S26,b__a_nd_@___N_B08/s,a,nd,voiced,0.42385751993245174
S26,b__a_nd_@___N_B14/s,a,nd,voiced,0.32372885214758496
S26,b__a_nt_@___N_B26/s,a,nt,voiceless,0.20969004866031718
S26,f__I_nd_@___N_B11/s,i,nd,voiced,0.18093316590028613
S26,l__I_nd_@___N_B09/s,i,nd,voiced,0.06362542040586865
S26,p__E_nt_____N_B29/s,e,nt,voiceless,0.3487512382417654
S26,p__E_nt_____N_B30/s,e,nt,voiceless,0.40673797471419443
S26,p__a_nd_a___N_B25/s,a,nd,voiced,0.7251887817363604
S26,p__a_nt_6___N_B11/s,a,nt,voiceless,0.7113118084981884
S26,r__E_nd_6___N_B25/s,e,nd,voiced,0.98656084775151
S26,r__a_nt_@___N_B11/s,a,nt,voiceless,0.9405305450334931
S26,v__I_nd_@___N_B12/s,i,nd,voiced,0.22068238147521518
S26,v__I_nt_6___N_B26/s,i,nt,voiceless,0.5998007511268622
S26,v__a_nt_@___N_B21/s,a,nt,voiceless,0.734192862620707
S26,z__E_nd_@___N_B09/s,e,nd,voiced,0.2539203410188271
S26,z__E_nt_a___N_B12/s,e,nt,voiceless,0.5353496737534548
S26,z__O_nd_@___N_B23/s,o,nd,voiced,0.44141382245218047
S26,z__O_nt_@___N_B21/s,o,nt,voiceless,0.5243831084811463
S26,z__a_nd_@___N_B11/s,a,nd,voiced,0.5243953270230501
S26,z__a_nt_@___N_B09/s,a,nt,voiceless,0.5069855029791241
S27,b__U_nd_@___N_B23/s,u,nd,voiced,0.3063871405486741
S27,b__U_nt_@___N_B22/s,u,nt,voiceless,0.5725055968020745
S27,b__a_nd_@___N_B20/s,a,nd,voiced,0.332657999328438
S27,b__a_nt_@___N_B21/s,a,nt,voiceless,0.5811776040315265
S27,f__I_nd_@___N_B10/s,i,nd,voiced,0.05468250936903501
S27,l__I_nd_@___N_B12/s,i,nd,voiced,0.4192465426331092
S27,p__E_nt_____N_B23/s,e,nt,voiceless,0.5354766733275603
S27,p__a_nd_a___N_B22/s,a,nd,voiced,0.37303279199587813
S27,p__a_nt_6___N_B10/s,a,nt,voiceless,0.4848402899452741
S27,r__E_nd_6___N_B22/s,e,nd,voiced,0.40259124841704746
S27,r__E_nt_@___N_B08/s,e,nt,voiceless,0.6498053703803152
S27,r__I_nt_____N_B23/s,i,nt,voiceless,0.840224185080167
S27,r__a_nt_@___N_B10/s,a,nt,voiceless,0.663894135420359
S27,v__I_nd_@___N_B09/s,i,nd,voiced,0.43696264240083754
S27,v__I_nt_6___N_B21/s,i,nt,voiceless,0.6416583137884319
S27,v__a_nt_@___N_B07/s,a,nt,voiceless,0.6494532294075616
S27,v__a_nt_@___N_B13/s,a,nt,voiceless,0.3891931463834476
S27,z__E_nd_@___N_B12/s,e,nd,voiced,0.6853637516398583
S27,z__E_nt_a___N_B09/s,e,nt,voiceless,0.49883991470284855
S27,z__O_nd_@___N_B24/s,o,nd,voiced,0.45149759516966836
S27,z__O_nt_@___N_B07/s,o,nt,voiceless,0.3825467965528777
S27,z__O_nt_@___N_B13/s,o,nt,voiceless,0.547490071224789
S27,z__a_nd_@___N_B10/s,a,nd,voiced,0.7102641716192023
S27,z__a_nt_@___N_B12/s,a,nt,voiceless,0.6095082034306464
S28,b__U_nd_@___N_B07/s,u,nd,voiced,0.20608039949518364
S28,b__U_nt_@___N_B24/s,u,nt,voiceless,0.2858796442718572
S28,b__a_nt_@___N_B08/s,a,nt,voiceless,0.47904254601426405
S28,f__I_nd_@___N_B10/s,i,nd,voiced,0.5874026256993811
S28,p__E_nt_____N_B07/s,e,nt,voiceless,0.2893450854711545
S28,p__a_nd_a___N_B24/s,a,nd,voiced,0.31369734375940445
S28,p__a_nt_6___N_B10/s,a,nt,voiceless,0.42552169514048743
S28,r__E_nd_6___N_B24/s,e,nd,voiced,0.4044588763816218
S28,r__E_nt_@___N_B11/s,e,nt,voiceless,0.19352870130268562
S28,r__I_nt_____N_B07/s,i,nt,voiceless,0.6077635586919099
S28,r__a_nt_@___N_B10/s,a,nt,voiceless,0.4172433352429685
S28,v__I_nt_6___N_B08/s,i,nt,voiceless,0.8108757847866467
S28,v__a_nt_@___N_B22/s,a,nt,voiceless,0.4400319532311024
S28,z__E_nt_a___N_B19/s,e,nt,voiceless,0.5206254560286215
S28,z__O_nd_@___N_B21/s,o,nd,voiced,0.4165228104120268
S28,z__O_nt_@___N_B22/s,o,nt,voiceless,0.6055332638679634
S28,z__a_nd_@___N_B10/s,a,nd,voiced,0.5129773503196109
S28,z__a_nt_@___N_B09/s,a,nt,voiceless,0.3882168863443958
S29,b__U_nd_@___N_B22/s,u,nd,voiced,0.43550074637814457
S29,b__U_nt_@___N_B23/s,u,nt,voiceless,0.3112454812801079
S29,b__a_nd_@___N_B07/s,a,nd,voiced,0.2780835690940639
S29,b__a_nt_@___N_B24/s,a,nt,voiceless,0.0923460470699608
S29,f__I_nd_@___N_B10/s,i,nd,voiced,0.13778576571333068
S29,f__I_nt_@___N_B22/s,i,nt,voiceless,0.3057238227021301
S29,l__I_nd_@___N_B08/s,i,nd,voiced,0.07225672793972458
S29,p__E_nt_____N_B22/s,e,nt,voiceless,0.14833425478091958
S29,p__a_nd_a___N_B23/s,a,nd,voiced,0.1575021817551058
S29,p__a_nt_6___N_B10/s,a,nt,voiceless,0.18420247609399895
S29,r__E_nt_@___N_B12/s,e,nt,voiceless,0.271016996989897
S29,r__I_nt_____N_B22/s,i,nt,voiceless,0.24539971852504028
S29,r__a_nt_@___N_B10/s,a,nt,voiceless,0.09503118945144373
S29,v__I_nt_6___N_B24/s,i,nt,voiceless,0.2768066315779496
S29,v__a_nt_@___N_B19/s,a,nt,voiceless,0.195936055270097
S29,z__E_nd_@___N_B08/s,e,nd,voiced,0.5294971337583864
S29,z__E_nt_a___N_B11/s,e,nt,voiceless,0.21627754205458638
S29,z__O_nd_@___N_B21/s,o,nd,voiced,0.360783902398171
S29,z__O_nt_@___N_B19/s,o,nt,voiceless,0.7445234461266348
S29,z__a_nd_@___N_B10/s,a,nd,voiced,0.2768641259434588
S29,z__a_nt_@___N_B08/s,a,nt,voiceless,0.4248517881163763
S31,?__E_nt_@___N_B13/s,e,nt,voiceless,0.2985527989189282
S31,b__U_nd_@___N_B08/s,u,nd,voiced,0.31183822743719725
S31,b__U_nt_@___N_B25/s,u,nt,voiceless,0.14699651246132395
S31,b__a_nd_@___N_B24/s,a,nd,voiced,0.13580202814146866
S31,b__a_nt_@___N_B09/s,a,nt,voiceless,0.27643673397239055
S31,f__I_nt_@___N_B08/s,i,nt,voiceless,0.4592916682830166
S31,p__E_nt_____N_B08/s,e,nt,voiceless,0.16060126155275684
S31,p__a_nt_6___N_B11/s,a,nt,voiceless,0.21874866915264152
S31,r__E_nd_6___N_B25/s,e,nd,voiced,0.050322183434987865
S31,r__E_nt_@___N_B12/s,e,nt,voiceless,0.6993145046687794
S31,r__I_nt_____N_B08/s,i,nt,voiceless,0.09631655663601826
S31,v__I_nt_6___N_B09/s,i,nt,voiceless,0.6100280782199607
S31,v__a_nt_@___N_B23/s,a,nt,voiceless,0.19467856643523082
S31,z__E_nd_@___N_B10/s,e,nd,voiced,0.3665974113111081
S31,z__E_nt_a___N_B20/s,e,nt,voiceless,0.20367955490959988
S31,z__O_nt_@___N_B23/s,o,nt,voiceless,0.897766288188068
S31,z__a_nt_@___N_B10/s,a,nt,voiceless,0.21164634082692887
S32,b__U_nt_@___N_B23/s,u,nt,voiceless,0.387268021781757
S32,b__a_nd_@___N_B25/s,a,nd,voiced,0.5444889143422613
S32,b__a_nt_@___N_B11/s,a,nt,voiceless,0.5433171502687502
S32,f__I_nt_@___N_B21/s,i,nt,voiceless,0.996399505944683
S32,l__I_nd_@___N_B09/s,i,nd,voiced,0.1521272392614073
S32,p__E_nt_____N_B21/s,e,nt,voiceless,0.727937115922318
S32,p__a_nd_a___N_B23/s,a,nd,voiced,0.7386580977124351
S32,p__a_nt_6___N_B24/s,a,nt,voiceless,0.653090910069039
S32,r__E_nd_6___N_B23/s,e,nd,voiced,0.7213540123023872
S32,r__E_nt_@___N_B10/s,e,nt,voiceless,0.675775398646436
S32,r__I_nt_____N_B21/s,i,nt,voiceless,0.12002860220384387
S32,r__a_nt_@___N_B24/s,a,nt,voiceless,0.6750116573820085
S32,v__I_nd_@___N_B08/s,i,nd,voiced,0.533441399158202
S32,v__I_nt_6___N_B11/s,i,nt,voiceless,0.325806835018635
S32,v__a_nt_@___N_B13/s,a,nt,voiceless,0.3937293506698461
S32,z__E_nd_@___N_B09/s,e,nd,voiced,0.354331840693492
S32,z__E_nt_a___N_B08/s,e,nt,voiceless,0.7696079264990717
S32,z__O_nd_@___N_B12/s,o,nd,voiced,0.1668621205954765
S32,z__O_nt_@___N_B13/s,o,nt,voiceless,0.28548277069527545
S32,z__a_nd_@___N_B24/s,a,nd,voiced,0.03179219392128738
S32,z__a_nt_@___N_B09/s,a,nt,voiceless,0.4116031215613721
S33,?__E_nd_@___N_B21/s,e,nd,voiced,0.16135587433916718
S33,b__U_nd_@___N_B22/s,u,nd,voiced,0.0371653579467102
S33,b__U_nt_@___N_B23/s,u,nt,voiceless,0.3437648043382391
S33,b__a_nd_@___N_B07/s,a,nd,voiced,0.022955234140374776
S33,b__a_nt_@___N_B24/s,a,nt,voiceless,0.11844723854646935
S33,f__I_nt_@___N_B22/s,i,nt,voiceless,0.28373210227818507
S33,p__E_nt_____N_B22/s,e,nt,voiceless,0.26045192107862936
S33,p__a_nd_a___N_B23/s,a,nd,voiced,0.16913072633963197
S33,p__a_nt_6___N_B10/s,a,nt,voiceless,0.29576913469429744
S33,r__E_nd_6___N_B23/s,e,nd,voiced,0.06369488107831267
S33,r__E_nt_@___N_B12/s,e,nt,voiceless,0.6314513028200472
S33,r__a_nt_@___N_B10/s,a,nt,voiceless,0.10138029584553578
S33,v__I_nt_6___N_B24/s,i,nt,voiceless,0.25324732849567755
S33,v__a_nt_@___N_B19/s,a,nt,voiceless,0.0953814085104504
S33,z__E_nt_a___N_B11/s,e,nt,voiceless,0.29707013225344875
S33,z__O_nd_@___N_B21/s,o,nd,voiced,0.2982880755871757
S33,z__O_nt_@___N_B19/s,o,nt,voiceless,0.516619678789335
S33,z__a_nt_@___N_B08/s,a,nt,voiceless,0.16268198508218124
S34,b__U_nt_@___N_B12/s,u,nt,voiceless,0.4784458457853687
S34,b__a_nd_@___N_B14/s,a,nd,voiced,0.4456071234612563
S34,b__a_nt_@___N_B13/s,a,nt,voiceless,0.5751959960056894
S34,f__I_nt_@___N_B11/s,i,nt,voiceless,0.15376776154935887
S34,l__I_nd_@___N_B21/s,i,nd,voiced,0.3603098214930802
S34,p__E_nt_____N_B11/s,e,nt,voiceless,0.40942750876564765
S34,p__a_nd_a___N_B12/s,a,nd,voiced,0.2602633381887785
S34,p__a_nt_6___N_B23/s,a,nt,voiceless,0.44911158968613796
S34,r__E_nd_6___N_B12/s,e,nd,voiced,0.2464998400612205
S34,v__I_nt_6___N_B13/s,i,nt,voiceless,0.7566632731642186
S34,v__a_nt_@___N_B26/s,a,nt,voiceless,0.8246759671550835
S34,z__E_nd_@___N_B21/s,e,nd,voiced,0.4764037313390238
S34,z__E_nt_a___N_B24/s,e,nt,voiceless,0.9054465188825076
S34,z__O_nd_@___N_B10/s,o,nd,voiced,0.5700599402069402
S34,z__O_nt_@___N_B26/s,o,nt,voiceless,0.5878236497001222
S34,z__a_nd_@___N_B23/s,a,nd,voiced,0.7271197703987252
S34,z__a_nt_@___N_B21/s,a,nt,voiceless,0.576435352900809
S35,?__E_nd_@___N_B24/s,e,nd,voiced,0.6468398942640308
S35,b__U_nd_@___N_B23/s,u,nd,voiced,0.20614816212559797
S35,b__U_nt_@___N_B22/s,u,nt,voiceless,0.27995377775026653
S35,b__a_nd_@___N_B20/s,a,nd,voiced,0.20731012607476315
S35,b__a_nt_@___N_B21/s,a,nt,voiceless,0.3864769435395544
S35,f__I_nt_@___N_B23/s,i,nt,voiceless,0.4330229196994824
S35,l__I_nd_@___N_B13/s,i,nd,voiced,0.4060933489725671
S35,p__E_nt_____N_B23/s,e,nt,voiceless,0.18434371802704044
S35,p__a_nd_a___N_B22/s,a,nd,voiced,0.15455999879743745
S35,p__a_nt_6___N_B11/s,a,nt,voiceless,0.2359211644040617
S35,r__E_nd_6___N_B29/s,e,nd,voiced,0.8823635647814625
S35,r__E_nt_@___N_B09/s,e,nt,voiceless,0.4748887174465805
S35,r__I_nt_____N_B23/s,i,nt,voiceless,0.4542067594261685
S35,r__a_nt_@___N_B11/s,a,nt,voiceless,0.5239938791915633
S35,v__I_nt_6___N_B21/s,i,nt,voiceless,0.9453136288423833
S35,v__a_nt_@___N_B08/s,a,nt,voiceless,0.2997605176730329
S35,z__E_nd_@___N_B13/s,e,nd,voiced,0.41052940331161497
S35,z__E_nt_a___N_B10/s,e,nt,voiceless,0.7160302806604333
S35,z__O_nd_@___N_B24/s,o,nd,voiced,0.18364899627100242
S35,z__O_nt_@___N_B08/s,o,nt,voiceless,0.3636440232997144
S35,z__a_nd_@___N_B11/s,a,nd,voiced,0.22869479344639654
S35,z__a_nt_@___N_B13/s,a,nt,voiceless,0.29878166302533893
S36,b__U_nd_@___N_B07/s,u,nd,voiced,0.4820340065903845
S36,b__U_nt_@___N_B25/s,u,nt,voiceless,0.45663747076438643
S36,b__a_nd_@___N_B24/s,a,nd,voiced,0.5604424255618999
S36,f__I_nd_@___N_B10/s,i,nd,voiced,0.15744779602986103
S36,f__I_nt_@___N_B07/s,i,nt,voiceless,0.5359866195329295
S36,l__I_nd_@___N_B09/s,i,nd,voiced,0.2882148560632736
S36,p__E_nt_____N_B07/s,e,nt,voiceless,0.2996185016037385
S36,p__a_nd_a___N_B25/s,a,nd,voiced,0.20350202342393173
S36,p__a_nt_6___N_B10/s,a,nt,voiceless,0.4468206310109081
S36,r__E_nd_6___N_B25/s,e,nd,voiced,0.21873154445742157
S36,r__I_nt_____N_B07/s,i,nt,voiceless,0.6944405950078021
S36,r__a_nt_@___N_B10/s,a,nt,voiceless,0.6399328868549399
S36,v__I_nd_@___N_B20/s,i,nd,voiced,0.1615218280728712
S36,v__I_nt_6___N_B08/s,i,nt,voiceless,0.8085891795358745
S36,v__a_nt_@___N_B23/s,a,nt,voiceless,0.8598384486738997
S36,z__E_nd_@___N_B09/s,e,nd,voiced,0.18104785441284849
S36,z__E_nt_a___N_B20/s,e,nt,voiceless,0.6013558540929598
S36,z__O_nd_@___N_B22/s,o,nd,voiced,0.44765437569302774
S36,z__O_nt_@___N_B23/s,o,nt,voiceless,0.4723614103855603
S36,z__a_nd_@___N_B10/s,a,nd,voiced,0.494025370989687
S36,z__a_nt_@___N_B09/s,a,nt,voiceless,0.7255935433530653
S37,b__U_nt_@___N_B22/s,u,nt,voiceless,0.04271018151778414
S37,b__a_nd_@___N_B24/s,a,nd,voiced,0.03012543772644715
S37,b__a_nt_@___N_B10/s,a,nt,voiceless,0.2953592915707219
S37,f__I_nd_@___N_B23/s,i,nd,voiced,0.394563127591762
S37,f__I_nt_@___N_B20/s,i,nt,voiceless,0.5737088769518063
S37,p__E_nt_____N_B20/s,e,nt,voiceless,0.21888335899327582
S37,p__a_nd_a___N_B22/s,a,nd,voiced,0.1221349216512691
S37,p__a_nt_6___N_B23/s,a,nt,voiceless,0.23390949856892645
S37,r__E_nd_6___N_B22/s,e,nd,voiced,0.25489387329490965
S37,r__E_nt_@___N_B09/s,e,nt,voiceless,0.3183324153440781
S37,r__I_nt_____N_B20/s,i,nt,voiceless,0.8319566037448789
S37,r__a_nt_@___N_B23/s,a,nt,voiceless,0.6342518164340583
S37,v__I_nd_@___N_B07/s,i,nd,voiced,0.14829775057489603
S37,v__I_nt_6___N_B10/s,i,nt,voiceless,0.509225516043235
S37,v__a_nt_@___N_B12/s,a,nt,voiceless,0.39685223291580546
S37,z__E_nd_@___N_B08/s,e,nd,voiced,0.4313784659612944
S37,z__E_nt_a___N_B07/s,e,nt,voiceless,0.42260952425302895
S37,z__O_nd_@___N_B11/s,o,nd,voiced,0.6241070479995111
S37,z__O_nt_@___N_B12/s,o,nt,voiceless,0.5925480928830781
S37,z__a_nd_@___N_B23/s,a,nd,voiced,0.4778336326208246
S37,z__a_nt_@___N_B08/s,a,nt,voiceless,0.44334144977825024
S38,?__E_nd_@___N_B21/s,e,nd,voiced,0.6531055949538574
S38,b__U_nt_@___N_B23/s,u,nt,voiceless,0.3221380300142785
S38,b__a_nd_@___N_B07/s,a,nd,voiced,0.21622164826333853
S38,b__a_nt_@___N_B24/s,a,nt,voiceless,0.455285624666903
S38,f__I_nt_@___N_B22/s,i,nt,voiceless,0.1286800502432686
S38,p__E_nt_____N_B22/s,e,nt,voiceless,0.2566783629457687
S38,p__a_nd_a___N_B23/s,a,nd,voiced,0.21729095965022618
S38,p__a_nt_6___N_B10/s,a,nt,voiceless,0.4071667659988018
S38,r__E_nt_@___N_B12/s,e,nt,voiceless,0.5118471290619951
S38,r__I_nt_____N_B22/s,i,nt,voiceless,0.18696460226314898
S38,v__I_nt_6___N_B24/s,i,nt,voiceless,0.6481917283088483
S38,v__a_nt_@___N_B19/s,a,nt,voiceless,0.49158341324206256
S38,z__E_nd_@___N_B08/s,e,nd,voiced,0.20045470565282816
S38,z__E_nt_a___N_B11/s,e,nt,voiceless,0.6878721027663057
S38,z__O_nd_@___N_B21/s,o,nd,voiced,0.019965374033798913
S38,z__O_nt_@___N_B19/s,o,nt,voiceless,0.6540273539415757
S38,z__a_nt_@___N_B08/s,a,nt,voiceless,0.4285078676291632
